{
    "image": {
        "bg": "assets/images/bg.png",
        "background": "assets/images/background1.png",
        "background2": "assets/images/background2.png",
        "background3": "assets/images/background3.png",
        "background4": "assets/images/background4.png",
        "selectmode1": "assets/images/menu/selectmode1.png",
        "selectmode3": "assets/images/menu/selectmode3.png",
        "easy": "assets/images/menu/easy.png",
        "hard": "assets/images/menu/hard.png",
        "countdownmode": "assets/images/menu/countdownmode.png",
        "classicmode": "assets/images/menu/classicmode.png",
        "gameone": "assets/images/menu/gameone.png",
        "gametwo": "assets/images/menu/gametwo.png",
        "gamethree": "assets/images/menu/gamethree.png",
        "scorehud": "assets/images/menu/scorehud.png",
        "gemhud": "assets/images/menu/gemhud.png",
        "corona": "assets/images/corona.png",
        "coronagreen": "assets/images/coronagreen.png",
        "coronared": "assets/images/coronared.png",
        "good": "assets/images/hype/good.png",
        "great": "assets/images/hype/great.png",
        "nice": "assets/images/hype/nice.png",
        "sharp": "assets/images/hype/sharp.png",
        "smooth": "assets/images/hype/smooth.png",
        "genius": "assets/images/hype/genius.png",
        "awesome": "assets/images/hype/awesome.png",
        "guru": "assets/images/hype/guru.png",
        "superhuman": "assets/images/hype/superhuman.png",
        "perfect": "assets/images/hype/perfect.png",
        "magician": "assets/images/hype/magician.png",
        "impressive": "assets/images/hype/impressive.png",
        "breathtaking": "assets/images/hype/breathtaking.png",
        "godmode": "assets/images/hype/godmode.png",
        "unbelievable": "assets/images/hype/unbelievable.png",
        "inhuman": "assets/images/hype/inhuman.png",
        "outofthisworld": "assets/images/hype/outofthisworld.png",
        "badass": "assets/images/hype/badass.png",
        "extraordinary": "assets/images/hype/extraordinary.png",
        "wrongmove": "assets/images/hype/wrongmove.png",
        "tryagain": "assets/images/hype/tryagain.png",
        "focus": "assets/images/hype/focus.png",
        "wrong": "assets/images/hype/wrong.png",
        "youmissed": "assets/images/hype/youmissed.png",
        "gameovermenu": "assets/images/menu/gameover.png",
        "nostar-rating": "assets/images/menu/nostar-rating.png",
        "onestar-rating": "assets/images/menu/onestar-rating.png",
        "twostar-rating": "assets/images/menu/twostar-rating.png",
        "threestar-rating": "assets/images/menu/threestar-rating.png",
        "menubtn": "assets/images/menu/menubtn.png",
        "reloadbtn": "assets/images/menu/reloadbtn.png",
        "backbtn": "assets/images/menu/backbtn.png",
        "infobtn": "assets/images/menu/infobtn.png",
        "forwardbtn": "assets/images/menu/forwardbtn.png",
        "cancelbtn": "assets/images/menu/cancelbtn.png",
        "selectmode": "assets/images/menu/selectmode.png",
        "selectmodebtn": "assets/images/menu/selectmodebtn.png",
        "backtiles3x3": "assets/images/3x3.png",
        "backtiles4x4": "assets/images/4x4.png",
        "backtiles5x5": "assets/images/5x5.png",
        "dialog": "assets/images/menu/dialog.png",
        "bgframe1": "assets/images/bgframes1.png",
        "bgframe2": "assets/images/bgframes2.png",
        "bgframe3": "assets/images/bgframes3.png"


    },
    "audio": {    
            "click" : "assets/sounds/click.ogg",
            "error" : "assets/sounds/error.mp3",
            "success" : "assets/sounds/success.mp3",
            "levelup" : "assets/sounds/levelup.mp3",
            "touch" : "assets/sounds/touch.mp3"
    }
}